<?xml version="1.0"?>
<doc>
    <assembly>
        <name>SimplSharpOnvifInterface</name>
    </assembly>
    <members>
        <member name="T:Crestron.SimplSharp.Onvif.OnvifException">
            <summary>
            The exception that is thrown when an error occurs during an ONVIF operation.
            </summary>
        </member>
        <member name="M:Crestron.SimplSharp.Onvif.OnvifException.#ctor">
            <summary>
            Exception with the message blank and innerException null.
            </summary>
        </member>
        <member name="M:Crestron.SimplSharp.Onvif.OnvifException.#ctor(System.String)">
            <summary>
            Exception with the message populated with the Exception information and the innerException is null.
            </summary>
            <param name="message">General message about the Exception.</param>
        </member>
        <member name="M:Crestron.SimplSharp.Onvif.OnvifException.#ctor(System.String,System.Exception)">
            <summary>
            Exception with the message and innerException populated.
            </summary>
            <param name="message">General message about the Exception.</param>
            <param name="inner">Information on what caused the exception.</param>
        </member>
        <member name="T:Crestron.SimplSharp.Onvif.PTZStatus">
            <summary>
            This class contains PTZ status.  Use <see cref="M:Crestron.SimplSharp.Onvif.PTZControl.GetStatus(Crestron.SimplSharp.Onvif.PTZStatus@)"/> to retrieve this status from a device.
            </summary>
            <remarks>PTZ status contains the current PTZ position, Move status, and PTZ error message.</remarks>
        </member>
        <member name="F:Crestron.SimplSharp.Onvif.PTZStatus.x">
            <summary>
            The pan position.
            </summary>
        </member>
        <member name="F:Crestron.SimplSharp.Onvif.PTZStatus.y">
            <summary>
            The tilt position.
            </summary>
        </member>
        <member name="F:Crestron.SimplSharp.Onvif.PTZStatus.z">
            <summary>
            The zoom position.
            </summary>
        </member>
        <member name="F:Crestron.SimplSharp.Onvif.PTZStatus.PanTiltMoveStatus">
            <summary>
            Pantilt move status.
            </summary>
        </member>
        <member name="F:Crestron.SimplSharp.Onvif.PTZStatus.ZoomMoveStatus">
            <summary>
            Zoom move status.
            </summary>
        </member>
        <member name="F:Crestron.SimplSharp.Onvif.PTZStatus.PanTiltSpace">
            <summary>
            Pantilt space.
            </summary>
        </member>
        <member name="F:Crestron.SimplSharp.Onvif.PTZStatus.ZoomSpace">
            <summary>
            Zoom space.
            </summary>
        </member>
        <member name="F:Crestron.SimplSharp.Onvif.PTZStatus.Error">
            <summary>
            PTZ error.
            </summary>
        </member>
        <member name="F:Crestron.SimplSharp.Onvif.PTZStatus.TimeStamp">
            <summary>
            Time stamp of the PTZ status.
            </summary>
        </member>
        <member name="T:Crestron.SimplSharp.Onvif.MoveStatus">
            <summary>
            Move Status.
            </summary>
        </member>
        <member name="F:Crestron.SimplSharp.Onvif.MoveStatus.Idle">
            <summary>
            Not moving
            </summary>
        </member>
        <member name="F:Crestron.SimplSharp.Onvif.MoveStatus.Moving">
            <summary>
            Is moving
            </summary>
        </member>
        <member name="F:Crestron.SimplSharp.Onvif.MoveStatus.Unknown">
            <summary>
            Movement is unknown
            </summary>
        </member>
        <member name="T:Crestron.SimplSharp.Onvif.PTZControl">
            <summary>
            Class for Pan Tilt and Zoom control of the ONVIF camera
            </summary>
        </member>
        <member name="F:Crestron.SimplSharp.Onvif.PTZControl.SupportsPan">
            <summary>
            ONVIF device supports Pan movement.
            </summary>
            <remarks>'null' means that it is unknown if Pan is supported.</remarks>
        </member>
        <member name="F:Crestron.SimplSharp.Onvif.PTZControl.SupportsTilt">
            <summary>
            ONVIF device supports Tilt movement.
            </summary>
            <remarks>'null' means that it is unknown if Tilt is supported.</remarks>
        </member>
        <member name="F:Crestron.SimplSharp.Onvif.PTZControl.SupportsZoom">
            <summary>
            ONVIF device supports Zoom movement.
            <remarks>'null' means that it is unknown if Zoom is supported.</remarks>
            </summary>
        </member>
        <member name="M:Crestron.SimplSharp.Onvif.PTZControl.ToString">
            <summary>
            Returns a System.String that represents the PTZControl class.
            </summary>
            <returns>PTZControl of a Profile name.</returns>
        </member>
        <member name="M:Crestron.SimplSharp.Onvif.PTZControl.AbsoluteMove(System.Single,System.Single,System.Single,System.Single,System.Single,System.Single)">
            <summary>
            AbsoluteMove moves the device to the PTZ position with corresponding speed.  
            </summary>
            <param name="paramPanPosition">paramPanPosition is the absolute pan position to move to.</param>
            <param name="paramTiltPosition">paramTiltPosition is the absolute tilt position to move to.</param>
            <param name="paramZoomPosition">paramZoomPosition is the absolute zoom position to move to.</param>
            <param name="paramPanSpeed">paramPanSpeed is the speed at which to pan for this absolute move operation.</param>
            <param name="paramTiltSpeed">paramTiltSpeed is the speed at which to tilt for this absolute move operation.</param>
            <param name="paramZoomSpeed">paramZoomSpeed is the speed at which to zoom for this absolute move operation.</param>
            <returns>eOnvifStatus:
            <list type="bullet">
            <item> 
            <description>OK - Successful</description> 
            </item> 
            <item> 
            <description>FAIL - Unsuccessful</description> 
            </item> 
            <item> 
            <description>OUTOFMEMORY - Ran out of memory</description> 
            </item> 
            </list> 
            <item> 
            <description>OUTOFRANGE - Parameter out of range.</description> 
            </item> 
            </returns>
            <remarks>
            <para>For all parameters the numerical range is -1.0 to 1.0.  If the speed is set to zero the default speed of the device will be used.</para>
            </remarks>
            <exception cref="T:Crestron.SimplSharp.Onvif.OnvifException">OnvifException - check inner exception.</exception>
        </member>
        <member name="M:Crestron.SimplSharp.Onvif.PTZControl.RelativeMove(System.Single,System.Single,System.Single,System.Single,System.Single,System.Single)">
            <summary>
            RelativeMove moves the device from the current position over by the PTZ translation with corresponding speed.  
            </summary>
            <param name="paramPanTranslation">paramPanTranslation is the translation pan position to move to relative to the current position.</param>
            <param name="paramTiltTranslation">paramTiltTranslation is the translation tilt position to move to relative to the current position.</param>
            <param name="paramZoomTranslation">paramZoomTranslation is the translation zoom position to move to. relative to the current position.</param>
            <param name="paramPanSpeed">paramPanSpeed is the speed at which to pan for this relative move operation.</param>
            <param name="paramTiltSpeed">paramTiltSpeed is the speed at which to tilt for this relative move operation.</param>
            <param name="paramZoomSpeed">paramZoomSpeed is the speed at which to zoom for this relative move operation.</param>
            <returns>eOnvifStatus:
            <list type="bullet">
            <item> 
            <description>OK - Successful</description> 
            </item> 
            <item> 
            <description>FAIL - Unsuccessful</description> 
            </item> 
            <item> 
            <description>OUTOFMEMORY - Ran out of memory</description> 
            </item> 
            </list> 
            <item> 
            <description>OUTOFRANGE - Parameter out of range.</description> 
            </item> 
            </returns>
            <remarks>
            <para>For all parameters the numerical range is -1.0 to 1.0.  If the speed is set to zero the default speed of the device will be used.</para>
            </remarks>
            <exception cref="T:Crestron.SimplSharp.Onvif.OnvifException">OnvifException - check inner exception.</exception>
        </member>
        <member name="M:Crestron.SimplSharp.Onvif.PTZControl.ContinuousMove(System.Single,System.Single,System.Single)">
            <summary>
            Puts the ONVIF device into a continuous move.
            </summary>
            <param name="paramPanSpeed">paramPanSpeed is the speed at which to pan for this continuous move operation.</param>
            <param name="paramTiltSpeed">paramTiltSpeed is the speed at which to tilt for this continuous move operation.</param>
            <param name="paramZoomSpeed">paramZoomSpeed is the speed at which to zoom for this continuous move operation.</param>
            <returns>eOnvifStatus:
            <list type="bullet">
            <item> 
            <description>OK - Successful</description> 
            </item> 
            <item> 
            <description>FAIL - Unsuccessful</description> 
            </item> 
            <item> 
            <description>OUTOFMEMORY - Ran out of memory</description> 
            </item> 
            </list> 
            <item> 
            <description>OUTOFRANGE - Parameter out of range.</description> 
            </item> 
            </returns>
            <remarks>
            <para>For all parameters the numerical range is -1.0 to 1.0.  If the speed is set to zero the default speed of the device will be used.</para>
            </remarks>
            <exception cref="T:Crestron.SimplSharp.Onvif.OnvifException">OnvifException - check inner exception.</exception>
        </member>
        <member name="M:Crestron.SimplSharp.Onvif.PTZControl.Stop">
            <summary>
            Stops all continuous move.
            </summary>
            <returns>eOnvifStatus:
            <list type="bullet">
            <item> 
            <description>OK - Successful</description> 
            </item> 
            <item> 
            <description>FAIL - Unsuccessful</description> 
            </item> 
            <item> 
            <description>OUTOFMEMORY - Ran out of memory</description> 
            </item> 
            </list> 
            </returns>
        </member>
        <member name="M:Crestron.SimplSharp.Onvif.PTZControl.Stop(System.Boolean,System.Boolean)">
            <summary>
            Stop continuous move.
            </summary>
            <param name="paramPanTiltStop">When paramPanTiltStop is set to true any pan or tilt movement the device is performing will be stopped.</param>
            <param name="paramZoomStop">When paramZoomStop is set to true zoom movement will be stopped.</param>
            <returns>eOnvifStatus:
            <list type="bullet">
            <item> 
            <description>OK - Successful</description> 
            </item> 
            <item> 
            <description>FAIL - Unsuccessful</description> 
            </item> 
            <item> 
            <description>OUTOFMEMORY - Ran out of memory</description> 
            </item> 
            </list> 
            </returns>
            <exception cref="T:Crestron.SimplSharp.Onvif.OnvifException">OnvifException - check inner exception.</exception>
        </member>
        <member name="M:Crestron.SimplSharp.Onvif.PTZControl.GetStatus(Crestron.SimplSharp.Onvif.PTZStatus@)">
            <summary>
            Queries the device for its PTZ status.
            </summary>
            <param name="ptzStatus"> Structure with the PTZ information </param>
            <returns><see cref="T:Crestron.SimplSharp.Onvif.PTZStatus"/></returns>
            <exception cref="T:Crestron.SimplSharp.Onvif.OnvifException">OnvifException - check inner exception.</exception>
        </member>
        <member name="M:Crestron.SimplSharp.Onvif.PTZControl.Left">
            <summary>
            Continously pan to the Left using the speed of 0.5 degree/sec.
            </summary>
            <returns>OnvifStatus</returns>
            <remarks>To Stop the movement call the Stop method.</remarks>
            <returns>eOnvifStatus:
            <list type="bullet">
            <item> 
            <description>OK - Successful</description> 
            </item> 
            <item> 
            <description>FAIL - Unsuccessful</description> 
            </item> 
            <item> 
            <description>OUTOFMEMORY - Ran out of memory</description> 
            </item> 
            </list> 
            </returns>
        </member>
        <member name="M:Crestron.SimplSharp.Onvif.PTZControl.Right">
            <summary>
            Continously pan to the Right using the speed of 0.5 degree/sec.
            </summary>
            <returns>eOnvifStatus:
            <list type="bullet">
            <item> 
            <description>OK - Successful</description> 
            </item> 
            <item> 
            <description>FAIL - Unsuccessful</description> 
            </item> 
            <item> 
            <description>OUTOFMEMORY - Ran out of memory</description> 
            </item> 
            </list> 
            </returns>
            <remarks>To Stop the movement call the Stop method.</remarks>
        </member>
        <member name="M:Crestron.SimplSharp.Onvif.PTZControl.Up">
            <summary>
            Continously tilt Up at the speed of 0.5 degree/sec.
            </summary>
            <returns>eOnvifStatus:
            <list type="bullet">
            <item> 
            <description>OK - Successful</description> 
            </item> 
            <item> 
            <description>FAIL - Unsuccessful</description> 
            </item> 
            <item> 
            <description>OUTOFMEMORY - Ran out of memory</description> 
            </item> 
            </list> 
            </returns>
            <remarks>To Stop the movement call the Stop method.</remarks>
        </member>
        <member name="M:Crestron.SimplSharp.Onvif.PTZControl.Down">
            <summary>
            Continously tilt Down at the speed of 0.5 degree/sec.
            </summary>
            <returns>eOnvifStatus:
            <list type="bullet">
            <item> 
            <description>OK - Successful</description> 
            </item> 
            <item> 
            <description>FAIL - Unsuccessful</description> 
            </item> 
            <item> 
            <description>OUTOFMEMORY - Ran out of memory</description> 
            </item> 
            </list> 
            </returns>
            <remarks>To Stop the movement call the Stop method.</remarks>
        </member>
        <member name="M:Crestron.SimplSharp.Onvif.PTZControl.ZoomIn">
            <summary>
            Continously Zoom In at the speed of 0.5 degree/sec.
            </summary>
            <returns>eOnvifStatus:
            <list type="bullet">
            <item> 
            <description>OK - Successful</description> 
            </item> 
            <item> 
            <description>FAIL - Unsuccessful</description> 
            </item> 
            <item> 
            <description>OUTOFMEMORY - Ran out of memory</description> 
            </item> 
            </list> 
            </returns>
            <remarks>To Stop the movement call the Stop method.</remarks>
        </member>
        <member name="M:Crestron.SimplSharp.Onvif.PTZControl.ZoomOut">
            <summary>
            Continously Zoom Out at the speed of 0.5 degree/sec.
            </summary>
            <returns>eOnvifStatus:
            <list type="bullet">
            <item> 
            <description>OK - Successful</description> 
            </item> 
            <item> 
            <description>FAIL - Unsuccessful</description> 
            </item> 
            <item> 
            <description>OUTOFMEMORY - Ran out of memory</description> 
            </item> 
            </list> 
            </returns>
            <remarks>To Stop the movement call the Stop method.</remarks>
        </member>
        <member name="T:Crestron.SimplSharp.Onvif.QueryEventHandler">
            <summary>
            Delegate for when an onvif device is discovered.
            </summary>
            <remarks>Use StartDiscovery and StopDiscovery to start and stop the ongoing discovery.</remarks>
            <param name="args">Reserved for future use.</param>
        </member>
        <member name="T:Crestron.SimplSharp.Onvif.OnvifDiscoveryReceiveMessageCallBack">
            <summary>
            Onvif Discovery Callback function delegate declaration.
            This defines the type of the function the native code calls when an Onvif Hello message is received from Onvif Devices on the network.
            </summary>
            <param name="buffer">Buffer pointer CrestronOnvif.dll copied Onvif Device data.</param>
            <param name="size">Size of the data filled in the buffer.</param>
        </member>
        <member name="T:Crestron.SimplSharp.Onvif.QueryEventArgs">
            <summary>
            Query event arguments.  This is returned in the <see cref="T:Crestron.SimplSharp.Onvif.QueryEventHandler"/> to give query status.
            </summary>
            <remarks>When an ONVIF device is found <see cref="o:Crestron.SimplSharp.Onvif.eOnvifStatus.DeviceAdded"/> is returned along with the <see cref="T:Crestron.SimplSharp.Onvif.OnvifDevice"/> that was added to <see cref="F:Crestron.SimplSharp.Onvif.OnvifDiscovery.DeviceList"/>.</remarks>
        </member>
        <member name="M:Crestron.SimplSharp.Onvif.QueryEventArgs.#ctor(Crestron.SimplSharp.Onvif.eOnvifStatus)">
            <summary>
            Constructors for QueryEventArgs
            </summary>
        </member>
        <member name="P:Crestron.SimplSharp.Onvif.QueryEventArgs.Status">
            <summary>
            Status of the query.
            </summary>
        </member>
        <member name="P:Crestron.SimplSharp.Onvif.QueryEventArgs.Message">
            <summary>
            Status message.
            </summary>
        </member>
        <member name="P:Crestron.SimplSharp.Onvif.QueryEventArgs.Device">
            <summary>
            Device that was added to the <see cref="o:Crestron.SimplSharp.Onvif.OnvifDiscovery.DeviceList"/>.
            </summary>
            <remarks>This will be null for query status other than <see cref="F:Crestron.SimplSharp.Onvif.eOnvifStatus.DeviceAdded"/>.</remarks>
        </member>
        <member name="T:Crestron.SimplSharp.Onvif.OnvifDiscovery">
             <summary>
             How to use Crestron ONVIF
            
             <para>The Discovery class has a Query method that returns a list of devices. You can then use the devices in the list to look at a device's profile.</para>
             <para>Each device can have one or more profiles, for example a camera can have one profile for low resolution and another profile for high resolution.  Most of the key settings such are resolution and bitrate are done in the profile class.</para>
             
             example usage:
             <list type="bullet">
             <item> 
             <description>Do a Discover to get the list of available devices</description> 
             </item> 
             <item> 
             <description>Pick a device to work with</description> 
             </item> 
             <item> 
             <description>Get the resolution and bitrate of each profile in the device</description> 
             </item> 
             <item> 
             <description>Choose which profile you would like to use</description> 
             </item> 
             <item> 
             <description>Get the streaming Uri of that profile</description> 
             </item> 
             </list>
             </summary>
        </member>
        <member name="F:Crestron.SimplSharp.Onvif.OnvifDiscovery.DeviceList">
            <summary>
            List of Device options.
            </summary>
        </member>
        <member name="M:Crestron.SimplSharp.Onvif.OnvifDiscovery.#cctor">
            <summary>
            Constructor for OnvifDiscovery class
            </summary>
        </member>
        <member name="M:Crestron.SimplSharp.Onvif.OnvifDiscovery.OnvifDiscoveryCallbackFunction(System.IntPtr,System.Int32)">
            <summary>
            Callback function to be called by native to managed code to send the Onvif device information.
            Error will be logged if any exception is thrown within this function.
            </summary>
            <param name="buffer">Buffer pointer where the CrestronOnvif.dll copied the device information.</param>
            <param name="length">Length of the device information copied.</param>
        </member>
        <member name="M:Crestron.SimplSharp.Onvif.OnvifDiscovery.CrestronEnvironment_ProgramStatusEventHandler(Crestron.SimplSharp.eProgramStatusEventType)">
            <summary>
            Stop the discovery thread when the program stops.
            </summary>
            <param name="programEventType"></param>
        </member>
        <member name="M:Crestron.SimplSharp.Onvif.OnvifDiscovery.Query(System.UInt32)">
            <summary>
            Discovers ONVIF devices.
            The devices will also be queried for it's information such as capabilities, profiles, and other information.
            </summary>
            <param name="paramTimeoutInSeconds">Duration of the discovery process in seconds.</param>
            <remarks>
            This method will block for timeoutInSeconds while discovering.
            Also note that some ONVIF devices require authentication to query various information and therefore this method
            may not completely gather all information.  After the query is complete you may then update each device's UserName and Password
            to setup authentication.
            </remarks>
            <returns>eOnvifStatus:
            <list type="bullet">
            <item> 
            <description>OK - Successful</description> 
            </item> 
            <item> 
            <description>FAIL - Unsuccessful</description> 
            </item> 
            <item> 
            <description>OUTOFMEMORY - Ran out of memory</description> 
            </item> 
            <item> 
            <description>MUTEXERROR - Internal mutex error.</description> 
            </item> 
            </list> 
            </returns>
            <exception cref="T:Crestron.SimplSharp.Onvif.OnvifException">OnvifException - check inner exception.</exception>
        </member>
        <member name="M:Crestron.SimplSharp.Onvif.OnvifDiscovery.Query(System.UInt32,System.String,System.String)">
            <summary>
            Discovers ONVIF devices.
            The devices will also be queried for it's information such as capabilities, profiles, and other information.
            This method will use the username and password provided in the process of gathering information from the 
            ONVIF device(s).  If the device(s) are set with different authentication credentials then you can manually
            set them in the OnvifDevice's properties for UserName and Password.
            </summary>
            <remarks>
            This method will block for timeoutInSeconds while discovering.
            Also note that you may have devices that are set with different UserName and Passwords thus this method may
            not completely gather all information.  After the query is complete you may then update each device's UserName and Password
            to setup authentication.
            </remarks>
            <param name="paramTimeoutInSeconds">Duration to wait for devices to respond.</param>
            <param name="username">User name that is used to authenticate with the OnvifDevice.</param>
            <param name="password">Password that is used in conjunction with the UserName to authenticate with the OnvifDevice.</param>
            <returns>eOnvifStatus:
            <list type="bullet">
            <item> 
            <description>OK - Successful</description> 
            </item> 
            <item> 
            <description>FAIL - Unsuccessful</description> 
            </item> 
            <item> 
            <description>OUTOFMEMORY - Ran out of memory</description> 
            </item> 
            <item> 
            <description>ONVIF_QUERYINPROGRESS - A query is already in progress.</description> 
            </item> 
            </list> 
            </returns>
            <exception cref="T:Crestron.SimplSharp.Onvif.OnvifException">OnvifException - check inner exception.</exception>
        </member>
        <member name="M:Crestron.SimplSharp.Onvif.OnvifDiscovery.StartQuery(System.UInt32,System.UInt32)">
            <summary>
            Starts periodic queries to discover devices continuously.  Use EndQuery to end. 
            </summary>
            <param name="periodInMinutes">Period specifies the wait time between queries in minutes.</param>
            <param name="durationInMinutes">Duration specifies the time to wait for devices to respond after a query is sent out.</param>
            <remarks>While the query is in progress calls to the OnvifDiscovery.Query will return eOnvifStatus.QueryInProgress.</remarks>
            <returns>eOnvifStatus</returns>
            <exception cref="T:Crestron.SimplSharp.Onvif.OnvifException">OnvifException - check inner exception.</exception>
        </member>
        <member name="M:Crestron.SimplSharp.Onvif.OnvifDiscovery.StartQuery(System.UInt32,System.UInt32,System.String,System.String)">
            <summary>
            Starts periodic queries to discover devices.  Use <see cref="M:Crestron.SimplSharp.Onvif.OnvifDiscovery.EndQuery"/> to end. 
            </summary>
            <param name="periodInMinutes">Period specifies the wait time between queries in minutes.  The minimum period is 1 minute and maximum 10,080 minutes (which is one week).</param>
            <param name="durationInMinutes">Duration specifies the time to wait for devices to respond after a query is sent out.  The minimum duration is 1 minute and maximum duration is 60 minutes.</param>
            <param name="username">User name that is used to authenticate with the OnvifDevice.</param>
            <param name="password">Password that is used in conjunction with the UserName to authenticate with the OnvifDevice.</param>
            <remarks>While the query is in progress calls to the <see cref="o:Crestron.SimplSharp.Onvif.OnvifDiscovery.Query"/> will return <see cref="F:Crestron.SimplSharp.Onvif.eOnvifStatus.QueryInProgress"/>.</remarks>
            <returns><see cref="T:Crestron.SimplSharp.Onvif.eOnvifStatus"/></returns>
        </member>
        <member name="M:Crestron.SimplSharp.Onvif.OnvifDiscovery.EndQuery">
            <summary>
            Ends the ongoing discovery
            </summary>
        </member>
        <member name="M:Crestron.SimplSharp.Onvif.OnvifDiscovery.ProcessDiscoveryData(System.String)">
            <summary>
            Goes through the '\n' delimited list of URI's from the discovery and creates OnvifDevice(s) for ones that are not in the list and adds it to the list.
            We also notify subscribers to the DeviceFound event with the new device.
            </summary>
            <param name="discoveryData"></param>
        </member>
        <member name="M:Crestron.SimplSharp.Onvif.OnvifDiscovery.StartDeviceListener">
            <summary>
            Start the device listener.
            </summary>
            <exception cref="T:Crestron.SimplSharp.Onvif.OnvifException">Error occurred while trying to start the Device Listener.</exception>
        </member>
        <member name="M:Crestron.SimplSharp.Onvif.OnvifDiscovery.StopDeviceListener">
            <summary>
            Stop the device listener.
            </summary>
            <exception cref="T:Crestron.SimplSharp.Onvif.OnvifException">Error occurred while trying to stop the Device Listener.</exception>
        </member>
        <member name="E:Crestron.SimplSharp.Onvif.OnvifDiscovery.QueryEvent">
            <summary>
            Register for this event to be notified when a device is discovered.
            </summary>
            <remarks>This will trigger for both <see cref="o:Crestron.SimplSharp.Onvif.OnvifDiscovery.Query"/> and <see cref="o:Crestron.SimplSharp.Onvif.OnvifDiscovery.StartQuery"/>.</remarks>
        </member>
        <member name="P:Crestron.SimplSharp.Onvif.OnvifDiscovery.ListenForDevices">
            <summary>
            Set to true to listen for devices coming online.
            Set to false to stop listen...
            </summary>
            <remarks>
            When a device comes online it will be added to <see cref="F:Crestron.SimplSharp.Onvif.OnvifDiscovery.DeviceList"/> and will trigger <see cref="E:Crestron.SimplSharp.Onvif.OnvifDiscovery.QueryEvent"/>.
            There can only be one device listener on at a time. An exception shall be thrown by native code if one is already running in another program.
            </remarks>
            <exception cref="T:Crestron.SimplSharp.Onvif.OnvifException">Error occurred while trying to start/stop the Device Listener.</exception>
        </member>
        <member name="T:Crestron.SimplSharp.Onvif.OnvifProfile">
             <summary>
             <para>Each OnvifDevice has a list of Profile(s) of which each Profile encapsulates a majority of what we want to do: Setting/Getting attributes and getting the streaming Uri.</para>
             <para>Each OnvifDevice can have more than one Profile.</para>
             </summary>
            <remarks>
             Note:
             <para>The Profile class keeps a local copy of the Video Options and Streaming URL which can be modified by other means (such as when the user changes camera settings via their web browser).  To get the latest Video Options and Streaming URL call GetStreamUri and GetVideoOptions methods.</para>
             </remarks>    
        </member>
        <member name="M:Crestron.SimplSharp.Onvif.OnvifProfile.ToString">
            <summary>
            Returns a System.String that represents the current Profile class.
            </summary>
            <returns>Profile Name</returns>
        </member>
        <member name="F:Crestron.SimplSharp.Onvif.OnvifProfile.VideoOptions">
            <summary>
            List of video options.
            </summary>
        </member>
        <member name="M:Crestron.SimplSharp.Onvif.OnvifProfile.#ctor">
            <summary>
            Private constructor - no one should call this.
            </summary>
        </member>
        <member name="M:Crestron.SimplSharp.Onvif.OnvifProfile.#ctor(Crestron.SimplSharp.Onvif.OnvifDevice,System.String,System.String,System.String,System.String,System.UInt32,System.UInt32,System.UInt32,System.UInt32,System.UInt32,System.UInt32)">
            <summary>
            OnvifDevice will call this constructor when getting profiles from the device.
            <see cref="M:Crestron.SimplSharp.Onvif.OnvifDevice.GetProfiles"/> 
            </summary>
        </member>
        <member name="F:Crestron.SimplSharp.Onvif.OnvifProfile._StreamUriList">
            <summary>
            Provides the streaming Uri used to view the video stream.
            </summary>
            <returns>The stream Uri of the ONVIF device</returns>
        </member>
        <member name="M:Crestron.SimplSharp.Onvif.OnvifProfile.CheckIfStreamUriRequiresAuth(System.Uri)">
            <summary>
            Check if a uri requires authentication by making a request to the server with no credentials.
            </summary>
            <param name="uri"></param>
            <returns></returns>
        </member>
        <member name="M:Crestron.SimplSharp.Onvif.OnvifProfile.PutCredentialsIntoUrl(System.String,System.String,System.String,System.Boolean)">
            <summary>
            
            </summary>
            <param name="url"></param>
            <param name="username"></param>
            <param name="password"></param>
            <param name="replace"></param>
            <returns></returns>
        </member>
        <member name="M:Crestron.SimplSharp.Onvif.OnvifProfile.GetStreamUri">
            <summary>
            Retrieves streaming URI list from the profile and updates it to the Profile class's _StreamUriList property.
            </summary>
            <exception cref="T:Crestron.SimplSharp.Onvif.OnvifException">OnvifException - check inner exception.</exception>
        </member>
        <member name="M:Crestron.SimplSharp.Onvif.OnvifProfile.GetSnapshotUri">
            <summary>
            Retrieves the snapshot URI of the profile and updates it to the Profile class's SnapshotURI property.
            </summary>
            <returns>eOnvifStatus:
            <list type="bullet">
            <item> 
            <description>OK - Successful</description> 
            </item> 
            <item> 
            <description>FAIL - Unsuccessful</description> 
            </item> 
            <item> 
            <description>OUTOFMEMORY - Ran out of memory</description> 
            </item> 
            </list> 
            </returns>
            <exception cref="T:Crestron.SimplSharp.Onvif.OnvifException">OnvifException - check inner exception.</exception>
        </member>
        <member name="M:Crestron.SimplSharp.Onvif.OnvifProfile.GetVideoOptions">
            <summary>
            Retrieves the video options provided by the profile on the device.
            </summary>
            <remarks>
            <para>The Profile class keeps a local copy of the video options which can be modified on the device by other means (such as when a user modifies settings through the device's web interface, etc).  Call GetVideoOptions to get the latest video options.</para>
            </remarks>
            <returns>eOnvifStatus:
            <list type="bullet">
            <item> 
            <description>OK - Successful</description> 
            </item> 
            <item> 
            <description>FAIL - Unsuccessful</description> 
            </item> 
            <item> 
            <description>OUTOFMEMORY - Ran out of memory</description> 
            </item> 
            </list> 
            </returns>
            <exception cref="T:Crestron.SimplSharp.Onvif.OnvifException">OnvifException - check inner exception.</exception>
        </member>
        <member name="M:Crestron.SimplSharp.Onvif.OnvifProfile.updateCredentials(System.String,System.String)">
            <summary>
            Updates the username and passwords in the streaming uri list.
            </summary>
            <param name="_UserName"></param>
            <param name="_Password"></param>
        </member>
        <member name="P:Crestron.SimplSharp.Onvif.OnvifProfile.Device">
            <summary>
            The OnvifDevice that this profile belongs to.
            </summary>
        </member>
        <member name="P:Crestron.SimplSharp.Onvif.OnvifProfile.PTZ">
            <summary>
            PTZ control used to control Pan, Tilt, and Zoom of the OnvifDevice.
            Each profile will have PTZ.
            </summary>
        </member>
        <member name="P:Crestron.SimplSharp.Onvif.OnvifProfile.CurrentVideoOption">
            <summary>
            The currently selected video option.
            </summary>
        </member>
        <member name="P:Crestron.SimplSharp.Onvif.OnvifProfile.StreamsRequireAuthentication">
            <summary>
            True when the streams require username and password.
            </summary>
        </member>
        <member name="P:Crestron.SimplSharp.Onvif.OnvifProfile.Name">
            <summary>
            Name of the profile.  This is used to distinguish each profile and is provided by
            the OnvifDevice.
            </summary>
        </member>
        <member name="P:Crestron.SimplSharp.Onvif.OnvifProfile.StreamUriList">
            <summary>
            List of Stream Uri's.
            </summary>
        </member>
        <member name="P:Crestron.SimplSharp.Onvif.OnvifProfile.SnapshotUri">
            <summary>
            Provides the snapshot Uri used to get snapshots.
            </summary>
            <returns>The stream Uri of the ONVIF device</returns>
        </member>
        <member name="P:Crestron.SimplSharp.Onvif.OnvifProfile.BitRate">
            <summary>
            Get/Set the bitrate
            </summary>
            <value>BitRate of the ONVIF Profile.</value>
            <exception cref="T:Crestron.SimplSharp.Onvif.OnvifException">OnvifException - check inner exception.</exception>
        </member>
        <member name="P:Crestron.SimplSharp.Onvif.OnvifProfile.FrameRate">
            <summary>
            Gets/Sets the frame rate the frame rate
            </summary>
            <value>Value of the frame rate.</value>
            <exception cref="T:Crestron.SimplSharp.Onvif.OnvifException">OnvifException - check inner exception.</exception>
        </member>
        <member name="P:Crestron.SimplSharp.Onvif.OnvifProfile.VideoEncoding">
            <summary>
            Current video encoding.
            </summary>
        </member>
        <member name="P:Crestron.SimplSharp.Onvif.OnvifProfile.Width">
            <summary>
            Current resolution width.
            </summary>
        </member>
        <member name="P:Crestron.SimplSharp.Onvif.OnvifProfile.Height">
            <summary>
            Current resolution Height.
            </summary>
        </member>
        <member name="T:Crestron.SimplSharp.Onvif.VideoOption">
            <summary>
            Video option contains the video encoding type and resolution.
            Use the Select method to set the video option on the profile.
            </summary>
        </member>
        <member name="M:Crestron.SimplSharp.Onvif.VideoOption.ToString">
            <summary>
            Returns a System.String that represents the VideoOption class.
            </summary>
            <returns>Video Encoding, Width, Height</returns>
        </member>
        <member name="M:Crestron.SimplSharp.Onvif.VideoOption.Select">
            <summary>
            Sets this video option to the ONVIF profile.
            </summary>
            <returns>eOnvifStatus:
            <list type="bullet">
            <item> 
            <description>OK - Successful</description> 
            </item> 
            <item> 
            <description>FAIL - Unsuccessful</description> 
            </item> 
            <item> 
            <description>OUTOFMEMORY - Ran out of memory</description> 
            </item> 
            </list> 
            </returns>
            <exception cref="T:Crestron.SimplSharp.Onvif.OnvifException">OnvifException - check inner exception.</exception>
        </member>
        <member name="P:Crestron.SimplSharp.Onvif.VideoOption.VideoEncoding">
            <summary>
            Video encoding of the stream.
            </summary>
        </member>
        <member name="P:Crestron.SimplSharp.Onvif.VideoOption.Width">
            <summary>
            Width of the video resolution.
            </summary>
        </member>
        <member name="P:Crestron.SimplSharp.Onvif.VideoOption.Height">
            <summary>
            Height of the video resolution.
            </summary>
        </member>
        <member name="T:Crestron.SimplSharp.Onvif.eOnvifStatus">
            <summary>
            ONVIF Status
            </summary>
        </member>
        <member name="F:Crestron.SimplSharp.Onvif.eOnvifStatus.Ok">
            <summary>Success</summary>
        </member>
        <member name="F:Crestron.SimplSharp.Onvif.eOnvifStatus.Fail">
            <summary>Failed</summary>
        </member>
        <member name="F:Crestron.SimplSharp.Onvif.eOnvifStatus.BadParameter">
            <summary>Bad parameter was passed in.</summary>
        </member>
        <member name="F:Crestron.SimplSharp.Onvif.eOnvifStatus.OutOfMemory">
            <summary>Out of memory.</summary>
        </member>
        <member name="F:Crestron.SimplSharp.Onvif.eOnvifStatus.MutexError">
            <summary>Native code mutex error</summary>
        </member>
        <member name="F:Crestron.SimplSharp.Onvif.eOnvifStatus.OutOfRange">
            <summary>Out of range is when a user is trying to set a setting with a value that is not supported.</summary>
        </member>
        <member name="F:Crestron.SimplSharp.Onvif.eOnvifStatus.BadDeviceUri">
            <summary>Can not perform task because the device uri is empty.</summary>
        </member>
        <member name="F:Crestron.SimplSharp.Onvif.eOnvifStatus.BadMediaUri">
            <summary>Can not perform task because the media uri is empty.</summary>
        </member>
        <member name="F:Crestron.SimplSharp.Onvif.eOnvifStatus.QueryStart">
            <summary>Periodic query has started.  Register to the event <see cref="o:Crestron.SimplSharp.Onvif.OnvifDiscovery.QueryEvents"/> to receive this status.</summary>
        </member>
        <member name="F:Crestron.SimplSharp.Onvif.eOnvifStatus.QueryEnd">
            <summary>Periodic query has ended.  Register to the event <see cref="o:Crestron.SimplSharp.Onvif.OnvifDiscovery.QueryEvents"/> to receive this status.</summary>
        </member>
        <member name="F:Crestron.SimplSharp.Onvif.eOnvifStatus.QueryInProgress">
            <summary>Query is in progress.  This means that another query will not be started.</summary>
        </member>
        <member name="F:Crestron.SimplSharp.Onvif.eOnvifStatus.DeviceAdded">
            <summary>A device was found and has been added.  Register to the event <see cref="o:Crestron.SimplSharp.Onvif.OnvifDiscovery.QueryEvents"/> to receive this status.</summary>
        </member>
        <member name="F:Crestron.SimplSharp.Onvif.eOnvifStatus.NotAuthorized">
            <summary>
            Not authorized.  Requires the correct username/password.
            </summary>
        </member>
        <member name="F:Crestron.SimplSharp.Onvif.eOnvifStatus.NeedsCredentials">
            <summary>
            UserName and Password failed to authenticate with the device.
            </summary>
        </member>
        <member name="T:Crestron.SimplSharp.Onvif.VideoEncodingTypes">
            <summary>
            Video Encoding Types - JPEG, MPEG4, and H264 are supported.
            </summary>
        </member>
        <member name="F:Crestron.SimplSharp.Onvif.VideoEncodingTypes.Jpeg">
            <summary>
            JPEG encoding
            </summary>
        </member>
        <member name="F:Crestron.SimplSharp.Onvif.VideoEncodingTypes.Mpeg4">
            <summary>
            MPEG4 encoding
            </summary>
        </member>
        <member name="F:Crestron.SimplSharp.Onvif.VideoEncodingTypes.H264">
            <summary>
            H264 encoding
            </summary>
        </member>
        <member name="T:Crestron.SimplSharp.Onvif.eSecurityInfo">
            <summary>
            Security Information
            </summary>
        </member>
        <member name="F:Crestron.SimplSharp.Onvif.eSecurityInfo.NotSecured">
            <summary>
            Not secured
            </summary>
        </member>
        <member name="F:Crestron.SimplSharp.Onvif.eSecurityInfo.Secured">
            <summary>
            Requires authentication
            </summary>
        </member>
        <member name="F:Crestron.SimplSharp.Onvif.eSecurityInfo.SomeSecurity">
            <summary>
            Some things requires authentication
            </summary>
        </member>
        <member name="T:Crestron.SimplSharp.Onvif.OnvifNativeStatus">
            <summary>
            ONVIF Status received from the ONVIF native code.
            </summary>
        </member>
        <member name="F:Crestron.SimplSharp.Onvif.OnvifNativeStatus.INVALID_VALUE">
            <summary>
            Invalid
            </summary>
        </member>
        <member name="F:Crestron.SimplSharp.Onvif.OnvifNativeStatus.ONVIF_OK">
            <summary>
            Success
            </summary>
        </member>
        <member name="F:Crestron.SimplSharp.Onvif.OnvifNativeStatus.ONVIF_FAIL">
            <summary>
            Failed
            </summary>
        </member>
        <member name="F:Crestron.SimplSharp.Onvif.OnvifNativeStatus.ONVIF_BADPARAMETER">
            <summary>
            We passed the native code a bad parameter
            </summary>
        </member>
        <member name="F:Crestron.SimplSharp.Onvif.OnvifNativeStatus.ONVIF_MEMORYERROR">
            <summary>
            Native code memory error
            </summary>
        </member>
        <member name="F:Crestron.SimplSharp.Onvif.OnvifNativeStatus.ONVIF_MUTEXERROR">
            <summary>
            Native code mutex error
            </summary>
        </member>
        <member name="F:Crestron.SimplSharp.Onvif.OnvifNativeStatus.ONVIF_EMPTYBUFFER">
            <summary>
            ERR_EMPTYBUFFER means that everything went "good" just that there was nothing to pass back (ie. Discovery did not find a match.)
            </summary>
        </member>
        <member name="F:Crestron.SimplSharp.Onvif.OnvifNativeStatus.ONVIF_OUTOFRANGE">
            <summary>
            Out of range is when a user is trying to set a setting with a value that is not supported.
            </summary>
        </member>
        <member name="F:Crestron.SimplSharp.Onvif.OnvifNativeStatus.ONVIF_QUERYINPROGRESS">
            <summary>
            Query is in progress
            </summary>
        </member>
        <member name="F:Crestron.SimplSharp.Onvif.OnvifNativeStatus.ONVIF_NOTAUTHORIZED">
            <summary>
            Bad authentication.
            </summary>
        </member>
        <member name="F:Crestron.SimplSharp.Onvif.OnvifNativeStatus.ONVIF_UNKNOWNAUTH">
            <summary>
            Unknown authentication.  This indicates that an error was received that might be related to authentication, but there is no way to find out.
            </summary>
        </member>
        <member name="F:Crestron.SimplSharp.Onvif.OnvifNativeStatus.ONVIF_NOTIMPLEMENTED">
            <summary>
            Not Implemented.  This indicates that the function call was not implemented in the device.
            </summary>
        </member>
        <member name="F:Crestron.SimplSharp.Onvif.OnvifNativeApi.ONVIF_MAXURLSIZE">
            <summary>
            Maximum size of a URL.
            This is mainly used to set buffer sizes.
            </summary>
        </member>
        <member name="M:Crestron.SimplSharp.Onvif.OnvifNativeApi.FreeNativeMemory(System.Byte*)">
            <summary>
            Frees the memory allocated in native code.
            </summary>
            <param name="NativeBuffer">Memory pointer that was passed up to us from native code.</param>
        </member>
        <member name="M:Crestron.SimplSharp.Onvif.OnvifNativeApi.GrabDiscoveryMutex">
            <summary>
            Grabs the discovery mutex.
            </summary>
            <returns>True if successfully grabbed the mutex otherwise False.</returns>
        </member>
        <member name="M:Crestron.SimplSharp.Onvif.OnvifNativeApi.ReleaseDiscoveryMutex">
            <summary>
            Releases the discovery mutex.
            </summary>
        </member>
        <member name="M:Crestron.SimplSharp.Onvif.OnvifNativeApi.DiscoveryQuery(System.UInt32,System.Byte**,System.UInt32*)">
            <summary>
            Discover ONVIF devices
            </summary>
            <param name="NativeBuffer">Buffer pointer that points to a buffer that will be allocated in native code.</param>
            <param name="NativeBufferSize">This is so native code can pass back up the size of the buffer.</param>
            <param name="TimeoutInSeconds">Length of time in seconds to do the discovery query.</param>
            <returns></returns>
        </member>
        <member name="M:Crestron.SimplSharp.Onvif.OnvifNativeApi.StartDeviceListener(Crestron.SimplSharp.Onvif.OnvifDiscoveryReceiveMessageCallBack)">
            <summary>
            Starts the listenening for Probe messages from Service Discovery Clients and also listens to Onvif Hello messages from Onvif Clients.
            </summary>
            <param name="onvifDiscoveryCallbackFunction">Callback function</param>
            <returns></returns>
        </member>
        <member name="M:Crestron.SimplSharp.Onvif.OnvifNativeApi.StopDeviceListener">
            <summary>
            Stops the listenening of Probe messages from Service Discovery Clients and Onvif Hello messages from Onvif Clients.
            </summary>
            <returns></returns>
        </member>
        <member name="M:Crestron.SimplSharp.Onvif.OnvifNativeApi.getCapabilities(System.IntPtr,System.Byte**,System.UInt32*,System.IntPtr,System.IntPtr)">
            <summary>
            Gets the Capabilities of the device
            </summary>
            <param name="deviceUrl">Input - the device's url</param>
            <param name="NativeBuffer">Buffer pointer that points to a buffer that will be allocated in native code.</param>
            <param name="NativeBufferSize">This is so native code can pass back up the size of the buffer.</param>
            <param name="username">Username</param>
            <param name="password">Password</param>
            <returns></returns>
        </member>
        <member name="M:Crestron.SimplSharp.Onvif.OnvifNativeApi.checkForPtzService(System.IntPtr,System.Boolean*,System.IntPtr,System.IntPtr)">
            <summary>
            Check if a device has PTZ service
            </summary>
            <param name="deviceUrl">Input - the device's url</param>
            <param name="hasPtzService">True if device has PTZ service</param>
            <param name="username">Username</param>
            <param name="password">Password</param>
            <returns></returns>
        </member>
        <member name="M:Crestron.SimplSharp.Onvif.OnvifNativeApi.getDeviceInfo(System.IntPtr,System.Byte**,System.UInt32*,System.IntPtr,System.IntPtr)">
            <summary>
            Gets the Device Info of the device
            </summary>
            <param name="deviceUrl">Input - the device's url</param>
            <param name="NativeBuffer">Buffer pointer that points to a buffer that will be allocated in native code.</param>
            <param name="NativeBufferSize">This is so native code can pass back up the size of the buffer.</param>
            <param name="username">Username</param>
            <param name="password">Password</param>
            <returns></returns>
        </member>
        <member name="M:Crestron.SimplSharp.Onvif.OnvifNativeApi.getNetworkInterfaces(System.IntPtr,System.Byte**,System.UInt32*,System.IntPtr,System.IntPtr)">
            <summary>
            Gets the Network Interfaces of the device
            </summary>
            <param name="deviceUrl">Input - the device's url</param>
            <param name="NativeBuffer">Buffer pointer that points to a buffer that will be allocated in native code.</param>
            <param name="NativeBufferSize">This is so native code can pass back up the size of the buffer.</param>
            <param name="username">Username</param>
            <param name="password">Password</param>
            <returns></returns>
        </member>
        <member name="M:Crestron.SimplSharp.Onvif.OnvifNativeApi.getHostname(System.IntPtr,System.Byte**,System.UInt32*,System.IntPtr,System.IntPtr)">
            <summary>
            Gets the Hostname of the device
            </summary>
            <param name="deviceUrl">Input - the device's url</param>
            <param name="NativeBuffer">Buffer pointer that points to a buffer that will be allocated in native code.</param>
            <param name="NativeBufferSize">This is so native code can pass back up the size of the buffer.</param>
            <param name="username">Username</param>
            <param name="password">Password</param>
            <returns></returns>
        </member>
        <member name="M:Crestron.SimplSharp.Onvif.OnvifNativeApi.getProfiles(System.IntPtr,System.Byte**,System.UInt32*,System.IntPtr,System.IntPtr)">
            <summary>
            Gets the profiles
            </summary>
            <param name="mediaURL">Input - the media endpoint.</param>
            <param name="NativeBuffer">Buffer pointer that points to a buffer that will be allocated in native code.</param>
            <param name="NativeBufferSize">This is so native code can pass back up the size of the buffer.</param>
            <param name="username">Username</param>
            <param name="password">Password</param>
            <returns></returns>
        </member>
        <member name="M:Crestron.SimplSharp.Onvif.OnvifNativeApi.getVideoOptions(System.IntPtr,System.IntPtr,System.IntPtr,System.Byte**,System.UInt32*,System.IntPtr,System.IntPtr)">
            <summary>
            Gets the list of video options
            </summary>
            <param name="mediaURL">Input - the media endpoint.</param>
            <param name="profileToken">Profile token</param>
            <param name="videoEncoderToken"></param>
            <param name="NativeBuffer">Buffer pointer that points to a buffer that will be allocated in native code.</param>
            <param name="NativeBufferSize">This is so native code can pass back up the size of the buffer.</param>
            <param name="username">Username</param>
            <param name="password">Password</param>
            <returns></returns>
        </member>
        <member name="M:Crestron.SimplSharp.Onvif.OnvifNativeApi.getStreamUrl(System.IntPtr,System.IntPtr,System.UInt32,System.UInt32,System.Byte**,System.UInt32*,System.IntPtr,System.IntPtr)">
            <summary>
            Gets the streaming url of the profile
            </summary>
            <param name="mediaUrl"></param>
            <param name="profileToken"></param>
            <param name="StreamType">Stream Type</param>
            <param name="TransportProtocol">Transport Protocol</param>
            <param name="NativeBuffer">Buffer pointer that points to a buffer that will be allocated in native code.</param>
            <param name="NativeBufferSize">This is so native code can pass back up the size of the buffer.</param>
            <param name="username">Username</param>
            <param name="password">Password</param>
            <returns></returns>
        </member>
        <member name="M:Crestron.SimplSharp.Onvif.OnvifNativeApi.getSnapshotUrl(System.IntPtr,System.IntPtr,System.Byte**,System.UInt32*,System.IntPtr,System.IntPtr)">
            <summary>
            Gets the snapshot url of the profile
            </summary>
            <param name="mediaUrl"></param>
            <param name="profileToken"></param>
            <param name="NativeBuffer">Buffer pointer that points to a buffer that will be allocated in native code.</param>
            <param name="NativeBufferSize">This is so native code can pass back up the size of the buffer.</param>
            <param name="username">Username</param>
            <param name="password">Password</param>
            <returns></returns>
        </member>
        <member name="M:Crestron.SimplSharp.Onvif.OnvifNativeApi.setBitrate(System.IntPtr,System.IntPtr,System.IntPtr,System.UInt32,System.IntPtr,System.IntPtr)">
            <summary>
            Sets the bitrate of the profile.
            </summary>
            <param name="mediaURL"></param>
            <param name="profileToken"></param>
            <param name="videoEncoderToken"></param>
            <param name="newBitrate"></param>
            <param name="username">Username</param>
            <param name="password">Password</param>
            <returns></returns>
        </member>
        <member name="M:Crestron.SimplSharp.Onvif.OnvifNativeApi.setFramerate(System.IntPtr,System.IntPtr,System.IntPtr,System.UInt32,System.IntPtr,System.IntPtr)">
            <summary>
            Sets the framerate of the profile.
            </summary>
            <param name="mediaURL"></param>
            <param name="profileToken"></param>
            <param name="videoEncoderToken"></param>
            <param name="newFramerate"></param>
            <param name="username">Username</param>
            <param name="password">Password</param>
            <returns></returns>
        </member>
        <member name="M:Crestron.SimplSharp.Onvif.OnvifNativeApi.setVideoEncoderConfig(System.IntPtr,System.IntPtr,System.UInt32,System.UInt32,System.UInt32,System.IntPtr,System.IntPtr)">
            <summary>
            Sets the video encoder configuration which includes encoding, width, and height.
            </summary>
            <param name="mediaURL"></param>
            <param name="videoEncoderToken"></param>
            <param name="encoding"></param>
            <param name="width"></param>
            <param name="height"></param>
            <param name="username">Username</param>
            <param name="password">Password</param>
            <returns></returns>
        </member>
        <member name="M:Crestron.SimplSharp.Onvif.OnvifNativeApi.PTZAbsoluteMove(System.IntPtr,System.IntPtr,System.Single,System.Single,System.Single,System.Single,System.Single,System.Single,System.IntPtr,System.IntPtr)">
            <summary>
            Moves the ONVIF device to an absolute point.
            </summary>
            <param name="ptzURL">URL of the ptz service</param>
            <param name="profileToken"></param>
            <param name="xPosition"></param>
            <param name="yPosition"></param>
            <param name="zPosition"></param>
            <param name="PanSpeed"></param>
            <param name="TiltSpeed"></param>
            <param name="ZoomSpeed"></param>
            <param name="username">Username</param>
            <param name="password">Password</param>
            <returns></returns>
        </member>
        <member name="M:Crestron.SimplSharp.Onvif.OnvifNativeApi.PTZRelativeMove(System.IntPtr,System.IntPtr,System.Single,System.Single,System.Single,System.Single,System.Single,System.Single,System.IntPtr,System.IntPtr)">
            <summary>
            Moves the ONVIF device to a point relative to the current position.
            </summary>
            <param name="ptzURL">URL of the ptz service</param>
            <param name="profileToken"></param>
            <param name="xPosition"></param>
            <param name="yPosition"></param>
            <param name="zPosition"></param>
            <param name="PanSpeed"></param>
            <param name="TiltSpeed"></param>
            <param name="ZoomSpeed"></param>
            <param name="username">Username</param>
            <param name="password">Password</param>
            <returns></returns>
        </member>
        <member name="M:Crestron.SimplSharp.Onvif.OnvifNativeApi.PTZContinuousMove(System.IntPtr,System.IntPtr,System.Single,System.Single,System.Single,System.IntPtr,System.IntPtr)">
            <summary>
            PTZ do continuous move.
            </summary>
            <param name="ptzURL">URL of the ptz service</param>
            <param name="profileToken">Profile token</param>
            <param name="x">Pan velocity</param>
            <param name="y">Tilt velocity</param>
            <param name="z">Zoom velocity</param>
            <param name="username">Username</param>
            <param name="password">Password</param>
            <returns></returns>
        </member>
        <member name="M:Crestron.SimplSharp.Onvif.OnvifNativeApi.PTZStop(System.IntPtr,System.IntPtr,System.Boolean,System.Boolean,System.IntPtr,System.IntPtr)">
            <summary>
            PTZ stop camera motion.
            </summary>
            <param name="ptzURL">URL of the ptz service</param>
            <param name="profileToken">Profile token</param>
            <param name="pantilt">Set true to stop pan and tilt movement.</param>
            <param name="zoom">Set true to stop zoom movement.</param>
            <param name="username">Username</param>
            <param name="password">Password</param>
            <returns></returns>
        </member>
        <member name="M:Crestron.SimplSharp.Onvif.OnvifNativeApi.PTZGetStatus(System.IntPtr,System.IntPtr,System.Byte**,System.UInt32*,System.Boolean*,System.Boolean*,System.Single*,System.Single*,System.Single*,System.UInt32*,System.UInt32*,System.Int64*,System.IntPtr,System.IntPtr)">
            <summary>
            Get PTZ status.
            </summary>
            <param name="ptzURL"></param>
            <param name="profileToken"></param>
            <param name="NativeBuffer"></param>
            <param name="NativeBufferSize"></param>
            <param name="supportsPanTilt"></param>
            <param name="supportsZoom"></param>
            <param name="x"></param>
            <param name="y"></param>
            <param name="z"></param>
            <param name="MoveStatusPanTilt"></param>
            <param name="MoveStatusZoom"></param>
            <param name="UtcDateTime"></param>
            <param name="username"></param>
            <param name="password"></param>
            <returns></returns>
        </member>
        <member name="M:Crestron.SimplSharp.Onvif.OnvifNativeApi.NativeBufferToString(System.Byte*,System.UInt32)">
            <summary>
            Copies the native buffer and returns it as a string.  We also free the native buffer here.
            </summary>
            <param name="NativeBuffer">Native buffer</param>
            <param name="NativeBufferSize">Native buffer size.  If size is zero then the Native Buffer was not allocated.</param>
            <returns>A string that contains the contents of the native buffer.</returns>
            <remarks></remarks>
        </member>
        <member name="M:Crestron.SimplSharp.Onvif.OnvifNativeApi.DiscoveryQuery(System.UInt32,System.String@)">
            <summary>
            Calls native code to do discovery.
            </summary>
            <param name="timeoutInSeconds">Time in seconds to discover.</param>
            <param name="discoveryData">Discovery data.</param>
            <returns>OnvifNativeStatus</returns>
        </member>
        <member name="M:Crestron.SimplSharp.Onvif.OnvifNativeApi.getCapabilities(System.IntPtr,System.String@,System.IntPtr,System.IntPtr)">
            <summary>
            Calls native code to get the Capabilities of the device
            </summary>
            <param name="deviceUrl">Input - the device's url</param>
            <param name="capabilitiesData">Capabilities data.</param>
            <param name="username">Username</param>
            <param name="password">Password</param>
            <returns>OnvifNativeStatus</returns>
        </member>
        <member name="M:Crestron.SimplSharp.Onvif.OnvifNativeApi.getDeviceInfo(System.IntPtr,System.String@,System.IntPtr,System.IntPtr)">
            <summary>
            Calls native code to get the Device Info of the device
            </summary>
            <param name="deviceUrl">Input - the device's url</param>
            <param name="deviceInfoData">Device Info data.</param>
            <param name="username">Username</param>
            <param name="password">Password</param>
            <returns>OnvifNativeStatus</returns>
        </member>
        <member name="M:Crestron.SimplSharp.Onvif.OnvifNativeApi.getNetworkInterfaces(System.IntPtr,System.String@,System.IntPtr,System.IntPtr)">
            <summary>
            Calls native code to get the Network Interfaces of the device
            </summary>
            <param name="deviceUrl">Input - the device's url</param>
            <param name="networkInterfacesData">Device Info data.</param>
            <param name="username">Username</param>
            <param name="password">Password</param>
            <returns>OnvifNativeStatus</returns>
        </member>
        <member name="M:Crestron.SimplSharp.Onvif.OnvifNativeApi.getHostname(System.IntPtr,System.String@,System.IntPtr,System.IntPtr)">
            <summary>
            Calls native code to get the Hostname of the device
            </summary>
            <param name="deviceUrl">Input - the device's url</param>
            <param name="HostnameInfo">Device Info data.</param>
            <param name="username">Username</param>
            <param name="password">Password</param>
            <returns>OnvifNativeStatus</returns>
        </member>
        <member name="M:Crestron.SimplSharp.Onvif.OnvifNativeApi.getProfiles(System.IntPtr,System.String@,System.IntPtr,System.IntPtr)">
            <summary>
            Calls native code to get the profiles of the device
            </summary>
            <param name="mediaUrl">Input - the device's media url</param>
            <param name="profilesData">Profiles data.</param>
            <param name="username">Username</param>
            <param name="password">Password</param>
            <returns>OnvifNativeStatus</returns>
        </member>
        <member name="M:Crestron.SimplSharp.Onvif.OnvifNativeApi.getVideoOptions(System.IntPtr,System.IntPtr,System.IntPtr,System.String@,System.IntPtr,System.IntPtr)">
            <summary>
            Calls native code to get the video options of the profile
            </summary>
            <param name="mediaUrl">Input - the device's media url</param>
            <param name="profileToken">Input - the profile token</param>
            <param name="videoEncoderToken">Input - the video encoder token</param>
            <param name="videoOptionsData">Output - Video Option data.</param>
            <param name="username">Username</param>
            <param name="password">Password</param>
            <returns>OnvifNativeStatus</returns>
        </member>
        <member name="M:Crestron.SimplSharp.Onvif.OnvifNativeApi.getStreamUrl(System.IntPtr,System.IntPtr,Crestron.SimplSharp.Onvif.eStreamType,Crestron.SimplSharp.Onvif.eTransportProtocol,System.String@,System.IntPtr,System.IntPtr)">
            <summary>
            Calls native code to get the streaming URL of the profile
            </summary>
            <param name="mediaUrl">Input - the device's media url</param>
            <param name="profileToken">Input - the profile token</param>
            <param name="streamType">Stream Type</param>
            <param name="transportProtocol">Transport Protocol</param>
            <param name="streamUrl">Output - streaming url.</param>
            <param name="username">Username</param>
            <param name="password">Password</param>
            <returns>OnvifNativeStatus</returns>
        </member>
        <member name="M:Crestron.SimplSharp.Onvif.OnvifNativeApi.getSnapshotUrl(System.IntPtr,System.IntPtr,System.String@,System.IntPtr,System.IntPtr)">
            <summary>
            Calls native code to get the snapshot URL of the profile
            </summary>
            <param name="mediaUrl">Input - the device's media url</param>
            <param name="profileToken">Input - the profile token</param>
            <param name="snapshotUrl">Output - snapshot url.</param>
            <param name="username">Username</param>
            <param name="password">Password</param>
            <returns>OnvifNativeStatus</returns>
        </member>
        <member name="M:Crestron.SimplSharp.Onvif.OnvifNativeApi.PTZGetStatus(System.IntPtr,System.IntPtr,System.String@,System.Boolean*,System.Boolean*,System.Single*,System.Single*,System.Single*,System.UInt32*,System.UInt32*,System.Int64*,System.IntPtr,System.IntPtr)">
            <summary>
            Calls native code to get the PTZ Status
            </summary>
        </member>
        <member name="T:Crestron.SimplSharp.Onvif.OnvifDevice">
            <summary>
            ONVIF Device
            
            <para>You can get a list of ONVIF devices from the Discovery class's Query method.</para>
            
            Example use of an OnvifDevice:
            <list type="bullet">
            <item> 
            <description>OnvifDevice provides a list of profiles that the device has to offer</description> 
            </item> 
            <item> 
            <description>Check each profile which has the resolution, bitrate, and framerate</description> 
            </item> 
            <item> 
            <description>Select a profile you want to work with</description> 
            </item> 
            <item> 
            <description>If needed you can set the resolution, bitrate, or framerate of the profile you select</description> 
            </item> 
            <item> 
            <description>Call the GetStreamUri method on the profile you selected to get the streaming URI</description> 
            </item> 
            </list> 
            </summary>
            <remarks>
            Note:
            <para>The OnvifDevice class keeps a local copy of the Profile and Capabilities which can be modified by other means (such as when the user changes camera settings via their web browser).  To get the latest profiles and capabilities call GetCapabilities and GetProfiles methods.</para>
            </remarks>    
        </member>
        <member name="M:Crestron.SimplSharp.Onvif.OnvifDevice.ToString">
            <summary>
            Returns a System.String that represents the current OnvifDevice class.
            </summary>
            <returns>OnvifDevice with URI</returns>
        </member>
        <member name="F:Crestron.SimplSharp.Onvif.OnvifDevice.Profiles">
            <summary>
            List of Profiles
            </summary>
        </member>
        <member name="F:Crestron.SimplSharp.Onvif.OnvifDevice.NetworkInterfaces">
            <summary>
            List of Network Interfaces
            </summary>
        </member>
        <member name="M:Crestron.SimplSharp.Onvif.OnvifDevice.updateProfilesCredentials(System.String,System.String)">
            <summary>
            Update the credentials in the profiles so that all the stream uri's have the new credentials.
            </summary>
            <param name="_UserName"></param>
            <param name="_Password"></param>
        </member>
        <member name="M:Crestron.SimplSharp.Onvif.OnvifDevice.#ctor">
            <summary>
            OnvifDevice constructor
            </summary>
        </member>
        <member name="M:Crestron.SimplSharp.Onvif.OnvifDevice.#ctor(System.String)">
            <summary>
            OnvifDevice constructor that takes in just the URI.
            </summary>
            <param name="UriString">A string containing the Uri</param>
            <exception cref="T:System.ArgumentException">Invalid Uri.</exception>
        </member>
        <member name="M:Crestron.SimplSharp.Onvif.OnvifDevice.#ctor(System.String,System.String,System.String)">
            <summary>
            OnvifDevice constructor that takes in the URI of the device and also the associated username and password.
            </summary>
            <param name="UriString">Uri of the OnvifDevice.</param>
            <param name="username">Username to be used for authentication.</param>
            <param name="password">Password to be used for authentication.</param>
            <exception cref="T:System.ArgumentException">Invalid Uri.</exception>
        </member>
        <member name="M:Crestron.SimplSharp.Onvif.OnvifDevice.RefreshDeviceInfo">
            <summary>
            Refreshes the OnvifDevice class by querying the device for information.
            </summary>
            <exception cref="T:Crestron.SimplSharp.Onvif.OnvifException">OnvifException - check inner exception.</exception>
        </member>
        <member name="M:Crestron.SimplSharp.Onvif.OnvifDevice.Equals(System.Object)">
            <summary>
            Compares the OnvifDevice DeviceUri.
            </summary>
            <param name="obj">OnvifDevice to compare with.</param>
            <returns>True if DeviceUris are the same.  False otherwise.</returns>
        </member>
        <member name="M:Crestron.SimplSharp.Onvif.OnvifDevice.GetHashCode">
            <summary>
            Returns the hashcode of the DeviceUri.
            </summary>
            <returns>An System.Int32 containing the hash value generated for this device.</returns>
        </member>
        <member name="M:Crestron.SimplSharp.Onvif.OnvifDevice.GetCapabilities">
            <summary>
            Queries the device for its capabilities.
            Currently we only support PTZ and Media
            </summary>
            <returns>eOnvifStatus:
            <list type="bullet">
            <item> 
            <description>OK - Successful</description> 
            </item> 
            <item> 
            <description>FAIL - Unsuccessful</description> 
            </item> 
            <item> 
            <description>OUTOFMEMORY - Ran out of memory</description> 
            </item> 
            </list> 
            </returns>
            <exception cref="T:Crestron.SimplSharp.Onvif.OnvifException">OnvifException - check inner exception.</exception>
        </member>
        <member name="M:Crestron.SimplSharp.Onvif.OnvifDevice.CheckForPTZService">
            <summary>
            Queries the device for PTZ Service.
            SupportsPTZ will be set to true if the device has PTZ Service.
            </summary>
            <returns>eOnvifStatus:
            <list type="bullet">
            <item> 
            <description>OK - Successful</description> 
            </item> 
            <item> 
            <description>FAIL - Unsuccessful</description> 
            </item> 
            <item> 
            <description>OUTOFMEMORY - Ran out of memory</description> 
            </item> 
            </list> 
            </returns>
            <exception cref="T:Crestron.SimplSharp.Onvif.OnvifException">OnvifException - check inner exception.</exception>
        </member>
        <member name="M:Crestron.SimplSharp.Onvif.OnvifDevice.GetDeviceInfo">
            <summary>
            Queries the device for its device info.
            Results will be updated in OnvifDevice class properties.
            </summary>
            <returns>eOnvifStatus:
            <list type="bullet">
            <item> 
            <description>OK - Successful</description> 
            </item> 
            <item> 
            <description>FAIL - Unsuccessful</description> 
            </item> 
            <item> 
            <description>OUTOFMEMORY - Ran out of memory</description> 
            </item> 
            </list> 
            </returns>
            <exception cref="T:Crestron.SimplSharp.Onvif.OnvifException">OnvifException - check inner exception.</exception>
        </member>
        <member name="M:Crestron.SimplSharp.Onvif.OnvifDevice.GetHostname">
            <summary>
            Queries the device for its Hostname.
            Results will be updated in OnvifDevice class properties.
            </summary>
            <returns>eOnvifStatus:
            <list type="bullet">
            <item> 
            <description>OK - Successful</description> 
            </item> 
            <item> 
            <description>FAIL - Unsuccessful</description> 
            </item> 
            <item> 
            <description>OUTOFMEMORY - Ran out of memory</description> 
            </item> 
            </list> 
            </returns>
            <exception cref="T:Crestron.SimplSharp.Onvif.OnvifException">OnvifException - check inner exception.</exception>
        </member>
        <member name="M:Crestron.SimplSharp.Onvif.OnvifDevice.GetProfiles">
            <summary>
            Queries the device for its profiles and stores the profiles in the Profile property.
            </summary>
            <remarks>
            <para>GetProfiles will be called when instantiating OnvifDevice.  Call GetProfiles() again to refresh the list of profiles.</para>
            </remarks>
            <returns>eOnvifStatus:
            <list type="bullet">
            <item> 
            <description>OK - Successful</description> 
            </item> 
            <item> 
            <description>FAIL - Unsuccessful</description> 
            </item> 
            <item> 
            <description>OUTOFMEMORY - Ran out of memory</description> 
            </item> 
            </list> 
            </returns>
            <exception cref="T:Crestron.SimplSharp.Onvif.OnvifException">OnvifException - check inner exception.</exception>
        </member>
        <member name="M:Crestron.SimplSharp.Onvif.OnvifDevice.GetNetworkInterfaces">
            <summary>
            Queries the device for its network interfaces.
            Results will be updated in OnvifDevice class properties.
            </summary>
            <returns>eOnvifStatus:
            <list type="bullet">
            <item> 
            <description>OK - Successful</description> 
            </item> 
            <item> 
            <description>FAIL - Unsuccessful</description> 
            </item> 
            <item> 
            <description>OUTOFMEMORY - Ran out of memory</description> 
            </item> 
            </list> 
            </returns>
            <exception cref="T:Crestron.SimplSharp.Onvif.OnvifException">OnvifException - check inner exception.</exception>
        </member>
        <member name="P:Crestron.SimplSharp.Onvif.OnvifDevice.DeviceUri">
            <summary>
            The URI of the device.
            </summary>
        </member>
        <member name="P:Crestron.SimplSharp.Onvif.OnvifDevice._SupportsAnalytics">
            <summary>
            True when the OnvifDevice supports Analytics
            False when the OnvifDevice does not support Analytics
            </summary>
        </member>
        <member name="P:Crestron.SimplSharp.Onvif.OnvifDevice._SupportsEvent">
            <summary>
            True when the OnvifDevice supports Event
            False when the OnvifDevice does not support Event
            </summary>
        </member>
        <member name="P:Crestron.SimplSharp.Onvif.OnvifDevice._SupportsImaging">
            <summary>
            True when the OnvifDevice supports Imaging
            False when the OnvifDevice does not support Imaging
            </summary>
        </member>
        <member name="P:Crestron.SimplSharp.Onvif.OnvifDevice.SupportsMedia">
            <summary>
            True when the OnvifDevice supports Media
            False when the OnvifDevice does not support Media
            </summary>
        </member>
        <member name="P:Crestron.SimplSharp.Onvif.OnvifDevice.SupportsPTZ">
            <summary>
            True when the OnvifDevice supports PTZ
            False when the OnvifDevice does not support PTZ
            </summary>
        </member>
        <member name="P:Crestron.SimplSharp.Onvif.OnvifDevice.UserName">
            <summary>
            User name that is used to authenticate with the OnvifDevice.
            </summary>
        </member>
        <member name="P:Crestron.SimplSharp.Onvif.OnvifDevice.Password">
            <summary>
            Password that is used in conjunction with the UserName to authenticate with the OnvifDevice.
            </summary>
        </member>
        <member name="P:Crestron.SimplSharp.Onvif.OnvifDevice.CapabilitiesReceived">
            <summary>
            OnvifDevice class obtained the device's capabilities.
            </summary>
        </member>
        <member name="P:Crestron.SimplSharp.Onvif.OnvifDevice.DeviceInfoReceived">
            <summary>
            OnvifDevice class obtained the device's Information.
            </summary>
        </member>
        <member name="P:Crestron.SimplSharp.Onvif.OnvifDevice.ProfilesReceived">
            <summary>
            OnvifDevice class obtained the device's profiles.
            </summary>
        </member>
        <member name="P:Crestron.SimplSharp.Onvif.OnvifDevice.Manufacturer">
            <summary>
            Device's manufacturer.
            </summary>
        </member>
        <member name="P:Crestron.SimplSharp.Onvif.OnvifDevice.Model">
            <summary>
            Device's model.
            </summary>
        </member>
        <member name="P:Crestron.SimplSharp.Onvif.OnvifDevice.FirmwareVersion">
            <summary>
            Device's firmware version.
            </summary>
        </member>
        <member name="P:Crestron.SimplSharp.Onvif.OnvifDevice.SerialNumber">
            <summary>
            Device's serial number.
            </summary>
        </member>
        <member name="P:Crestron.SimplSharp.Onvif.OnvifDevice.HardwareId">
            <summary>
            Device's hardware ID.
            </summary>
        </member>
        <member name="P:Crestron.SimplSharp.Onvif.OnvifDevice.Hostname">
            <summary>
            Device's Hostname.
            </summary>
        </member>
        <member name="P:Crestron.SimplSharp.Onvif.OnvifDevice.AuthenticationIsRequired">
            <summary>
            True if username and password is required.
            </summary>
        </member>
        <member name="P:Crestron.SimplSharp.Onvif.OnvifDevice.AuthenticationSucceeded">
            <summary>
            Username and Password passed device's security check.
            </summary>
        </member>
        <member name="T:Crestron.SimplSharp.Onvif.NetworkInterface">
            <summary>
            Class to describe a network interface.
            </summary>
        </member>
        <member name="F:Crestron.SimplSharp.Onvif.NetworkInterface.Enabled">
            <summary>
            True if the network interface is enabled False if not enabled.
            </summary>
        </member>
        <member name="F:Crestron.SimplSharp.Onvif.NetworkInterface.Name">
            <summary>
            The name of the network interface.
            </summary>
        </member>
        <member name="F:Crestron.SimplSharp.Onvif.NetworkInterface.MacAddress">
            <summary>
            The MAC address or hardware address.
            </summary>
        </member>
    </members>
</doc>
